section_code,student_code
SEC-PHY-01,S0001
SEC-CHEM-01,S0001
SEC-BIO-01,S0001
SEC-PHY-02,S0002
SEC-CHEM-02,S0002
SEC-BIO-02,S0002
SEC-PHY-03,S0003
SEC-CHEM-03,S0003
SEC-BIO-03,S0003
SEC-PHY-04,S0004
SEC-CHEM-04,S0004
SEC-BIO-04,S0004
SEC-PHY-01,S0005
SEC-CHEM-01,S0005
SEC-BIO-01,S0005
SEC-PHY-02,S0006
SEC-CHEM-02,S0006
SEC-BIO-02,S0006
SEC-PHY-03,S0007
SEC-CHEM-03,S0007
SEC-BIO-03,S0007
SEC-PHY-04,S0008
SEC-CHEM-04,S0008
SEC-BIO-04,S0008
SEC-PHY-01,S0009
SEC-CHEM-01,S0009
SEC-BIO-01,S0009
SEC-PHY-02,S0010
SEC-CHEM-02,S0010
SEC-BIO-02,S0010
SEC-PHY-03,S0011
SEC-CHEM-03,S0011
SEC-BIO-03,S0011
SEC-PHY-04,S0012
SEC-CHEM-04,S0012
SEC-BIO-04,S0012
SEC-PHY-01,S0013
SEC-CHEM-01,S0013
SEC-BIO-01,S0013
SEC-PHY-02,S0014
SEC-CHEM-02,S0014
SEC-BIO-02,S0014
SEC-PHY-03,S0015
SEC-CHEM-03,S0015
SEC-BIO-03,S0015
SEC-PHY-04,S0016
SEC-CHEM-04,S0016
SEC-BIO-04,S0016
SEC-PHY-01,S0017
SEC-CHEM-01,S0017
SEC-BIO-01,S0017
SEC-PHY-02,S0018
SEC-CHEM-02,S0018
SEC-BIO-02,S0018
SEC-PHY-03,S0019
SEC-CHEM-03,S0019
SEC-BIO-03,S0019
SEC-PHY-04,S0020
SEC-CHEM-04,S0020
SEC-BIO-04,S0020
SEC-HIS-01,S0021
SEC-POL-01,S0021
SEC-GEO-01,S0021
SEC-HIS-02,S0022
SEC-POL-02,S0022
SEC-GEO-02,S0022
SEC-HIS-03,S0023
SEC-POL-03,S0023
SEC-GEO-03,S0023
SEC-HIS-04,S0024
SEC-POL-04,S0024
SEC-GEO-04,S0024
SEC-HIS-01,S0025
SEC-POL-01,S0025
SEC-GEO-01,S0025
SEC-HIS-02,S0026
SEC-POL-02,S0026
SEC-GEO-02,S0026
SEC-HIS-03,S0027
SEC-POL-03,S0027
SEC-GEO-03,S0027
SEC-HIS-04,S0028
SEC-POL-04,S0028
SEC-GEO-04,S0028
SEC-HIS-01,S0029
SEC-POL-01,S0029
SEC-GEO-01,S0029
SEC-HIS-02,S0030
SEC-POL-02,S0030
SEC-GEO-02,S0030
SEC-HIS-03,S0031
SEC-POL-03,S0031
SEC-GEO-03,S0031
SEC-HIS-04,S0032
SEC-POL-04,S0032
SEC-GEO-04,S0032
SEC-HIS-01,S0033
SEC-POL-01,S0033
SEC-GEO-01,S0033
SEC-HIS-02,S0034
SEC-POL-02,S0034
SEC-GEO-02,S0034
SEC-HIS-03,S0035
SEC-POL-03,S0035
SEC-GEO-03,S0035
SEC-HIS-04,S0036
SEC-POL-04,S0036
SEC-GEO-04,S0036
SEC-HIS-01,S0037
SEC-POL-01,S0037
SEC-GEO-01,S0037
SEC-HIS-02,S0038
SEC-POL-02,S0038
SEC-GEO-02,S0038
SEC-HIS-03,S0039
SEC-POL-03,S0039
SEC-GEO-03,S0039
SEC-HIS-04,S0040
SEC-POL-04,S0040
SEC-GEO-04,S0040
SEC-PHY-01,S0041
SEC-CHEM-01,S0041
SEC-BIO-01,S0041
SEC-PHY-02,S0042
SEC-CHEM-02,S0042
SEC-BIO-02,S0042
SEC-PHY-03,S0043
SEC-CHEM-03,S0043
SEC-BIO-03,S0043
SEC-PHY-04,S0044
SEC-CHEM-04,S0044
SEC-BIO-04,S0044
SEC-PHY-01,S0045
SEC-CHEM-01,S0045
SEC-BIO-01,S0045
SEC-PHY-02,S0046
SEC-CHEM-02,S0046
SEC-BIO-02,S0046
SEC-PHY-03,S0047
SEC-CHEM-03,S0047
SEC-BIO-03,S0047
SEC-PHY-04,S0048
SEC-CHEM-04,S0048
SEC-BIO-04,S0048
SEC-PHY-01,S0049
SEC-CHEM-01,S0049
SEC-BIO-01,S0049
SEC-PHY-02,S0050
SEC-CHEM-02,S0050
SEC-BIO-02,S0050
SEC-PHY-03,S0051
SEC-CHEM-03,S0051
SEC-BIO-03,S0051
SEC-PHY-04,S0052
SEC-CHEM-04,S0052
SEC-BIO-04,S0052
SEC-PHY-01,S0053
SEC-CHEM-01,S0053
SEC-BIO-01,S0053
SEC-PHY-02,S0054
SEC-CHEM-02,S0054
SEC-BIO-02,S0054
SEC-PHY-03,S0055
SEC-CHEM-03,S0055
SEC-BIO-03,S0055
SEC-PHY-04,S0056
SEC-CHEM-04,S0056
SEC-BIO-04,S0056
SEC-PHY-01,S0057
SEC-CHEM-01,S0057
SEC-BIO-01,S0057
SEC-PHY-02,S0058
SEC-CHEM-02,S0058
SEC-BIO-02,S0058
SEC-PHY-03,S0059
SEC-CHEM-03,S0059
SEC-BIO-03,S0059
SEC-PHY-04,S0060
SEC-CHEM-04,S0060
SEC-BIO-04,S0060
SEC-HIS-01,S0061
SEC-POL-01,S0061
SEC-GEO-01,S0061
SEC-HIS-02,S0062
SEC-POL-02,S0062
SEC-GEO-02,S0062
SEC-HIS-03,S0063
SEC-POL-03,S0063
SEC-GEO-03,S0063
SEC-HIS-04,S0064
SEC-POL-04,S0064
SEC-GEO-04,S0064
SEC-HIS-01,S0065
SEC-POL-01,S0065
SEC-GEO-01,S0065
SEC-HIS-02,S0066
SEC-POL-02,S0066
SEC-GEO-02,S0066
SEC-HIS-03,S0067
SEC-POL-03,S0067
SEC-GEO-03,S0067
SEC-HIS-04,S0068
SEC-POL-04,S0068
SEC-GEO-04,S0068
SEC-HIS-01,S0069
SEC-POL-01,S0069
SEC-GEO-01,S0069
SEC-HIS-02,S0070
SEC-POL-02,S0070
SEC-GEO-02,S0070
SEC-HIS-03,S0071
SEC-POL-03,S0071
SEC-GEO-03,S0071
SEC-HIS-04,S0072
SEC-POL-04,S0072
SEC-GEO-04,S0072
SEC-HIS-01,S0073
SEC-POL-01,S0073
SEC-GEO-01,S0073
SEC-HIS-02,S0074
SEC-POL-02,S0074
SEC-GEO-02,S0074
SEC-HIS-03,S0075
SEC-POL-03,S0075
SEC-GEO-03,S0075
SEC-HIS-04,S0076
SEC-POL-04,S0076
SEC-GEO-04,S0076
SEC-HIS-01,S0077
SEC-POL-01,S0077
SEC-GEO-01,S0077
SEC-HIS-02,S0078
SEC-POL-02,S0078
SEC-GEO-02,S0078
SEC-HIS-03,S0079
SEC-POL-03,S0079
SEC-GEO-03,S0079
SEC-HIS-04,S0080
SEC-POL-04,S0080
SEC-GEO-04,S0080
SEC-PHY-01,S0081
SEC-CHEM-01,S0081
SEC-BIO-01,S0081
SEC-PHY-02,S0082
SEC-CHEM-02,S0082
SEC-BIO-02,S0082
SEC-PHY-03,S0083
SEC-CHEM-03,S0083
SEC-BIO-03,S0083
SEC-PHY-04,S0084
SEC-CHEM-04,S0084
SEC-BIO-04,S0084
SEC-PHY-01,S0085
SEC-CHEM-01,S0085
SEC-BIO-01,S0085
SEC-PHY-02,S0086
SEC-CHEM-02,S0086
SEC-BIO-02,S0086
SEC-PHY-03,S0087
SEC-CHEM-03,S0087
SEC-BIO-03,S0087
SEC-PHY-04,S0088
SEC-CHEM-04,S0088
SEC-BIO-04,S0088
SEC-PHY-01,S0089
SEC-CHEM-01,S0089
SEC-BIO-01,S0089
SEC-PHY-02,S0090
SEC-CHEM-02,S0090
SEC-BIO-02,S0090
SEC-PHY-03,S0091
SEC-CHEM-03,S0091
SEC-BIO-03,S0091
SEC-PHY-04,S0092
SEC-CHEM-04,S0092
SEC-BIO-04,S0092
SEC-PHY-01,S0093
SEC-CHEM-01,S0093
SEC-BIO-01,S0093
SEC-PHY-02,S0094
SEC-CHEM-02,S0094
SEC-BIO-02,S0094
SEC-PHY-03,S0095
SEC-CHEM-03,S0095
SEC-BIO-03,S0095
SEC-PHY-04,S0096
SEC-CHEM-04,S0096
SEC-BIO-04,S0096
SEC-PHY-01,S0097
SEC-CHEM-01,S0097
SEC-BIO-01,S0097
SEC-PHY-02,S0098
SEC-CHEM-02,S0098
SEC-BIO-02,S0098
SEC-PHY-03,S0099
SEC-CHEM-03,S0099
SEC-BIO-03,S0099
SEC-PHY-04,S0100
SEC-CHEM-04,S0100
SEC-BIO-04,S0100
SEC-HIS-01,S0101
SEC-POL-01,S0101
SEC-GEO-01,S0101
SEC-HIS-02,S0102
SEC-POL-02,S0102
SEC-GEO-02,S0102
SEC-HIS-03,S0103
SEC-POL-03,S0103
SEC-GEO-03,S0103
SEC-HIS-04,S0104
SEC-POL-04,S0104
SEC-GEO-04,S0104
SEC-HIS-01,S0105
SEC-POL-01,S0105
SEC-GEO-01,S0105
SEC-HIS-02,S0106
SEC-POL-02,S0106
SEC-GEO-02,S0106
SEC-HIS-03,S0107
SEC-POL-03,S0107
SEC-GEO-03,S0107
SEC-HIS-04,S0108
SEC-POL-04,S0108
SEC-GEO-04,S0108
SEC-HIS-01,S0109
SEC-POL-01,S0109
SEC-GEO-01,S0109
SEC-HIS-02,S0110
SEC-POL-02,S0110
SEC-GEO-02,S0110
SEC-HIS-03,S0111
SEC-POL-03,S0111
SEC-GEO-03,S0111
SEC-HIS-04,S0112
SEC-POL-04,S0112
SEC-GEO-04,S0112
SEC-HIS-01,S0113
SEC-POL-01,S0113
SEC-GEO-01,S0113
SEC-HIS-02,S0114
SEC-POL-02,S0114
SEC-GEO-02,S0114
SEC-HIS-03,S0115
SEC-POL-03,S0115
SEC-GEO-03,S0115
SEC-HIS-04,S0116
SEC-POL-04,S0116
SEC-GEO-04,S0116
SEC-HIS-01,S0117
SEC-POL-01,S0117
SEC-GEO-01,S0117
SEC-HIS-02,S0118
SEC-POL-02,S0118
SEC-GEO-02,S0118
SEC-HIS-03,S0119
SEC-POL-03,S0119
SEC-GEO-03,S0119
SEC-HIS-04,S0120
SEC-POL-04,S0120
SEC-GEO-04,S0120
SEC-PHY-01,S0121
SEC-CHEM-01,S0121
SEC-BIO-01,S0121
SEC-PHY-02,S0122
SEC-CHEM-02,S0122
SEC-BIO-02,S0122
SEC-PHY-03,S0123
SEC-CHEM-03,S0123
SEC-BIO-03,S0123
SEC-PHY-04,S0124
SEC-CHEM-04,S0124
SEC-BIO-04,S0124
SEC-PHY-01,S0125
SEC-CHEM-01,S0125
SEC-BIO-01,S0125
SEC-PHY-02,S0126
SEC-CHEM-02,S0126
SEC-BIO-02,S0126
SEC-PHY-03,S0127
SEC-CHEM-03,S0127
SEC-BIO-03,S0127
SEC-PHY-04,S0128
SEC-CHEM-04,S0128
SEC-BIO-04,S0128
SEC-PHY-01,S0129
SEC-CHEM-01,S0129
SEC-BIO-01,S0129
SEC-PHY-02,S0130
SEC-CHEM-02,S0130
SEC-BIO-02,S0130
SEC-PHY-03,S0131
SEC-CHEM-03,S0131
SEC-BIO-03,S0131
SEC-PHY-04,S0132
SEC-CHEM-04,S0132
SEC-BIO-04,S0132
SEC-PHY-01,S0133
SEC-CHEM-01,S0133
SEC-BIO-01,S0133
SEC-PHY-02,S0134
SEC-CHEM-02,S0134
SEC-BIO-02,S0134
SEC-PHY-03,S0135
SEC-CHEM-03,S0135
SEC-BIO-03,S0135
SEC-PHY-04,S0136
SEC-CHEM-04,S0136
SEC-BIO-04,S0136
SEC-PHY-01,S0137
SEC-CHEM-01,S0137
SEC-BIO-01,S0137
SEC-PHY-02,S0138
SEC-CHEM-02,S0138
SEC-BIO-02,S0138
SEC-PHY-03,S0139
SEC-CHEM-03,S0139
SEC-BIO-03,S0139
SEC-PHY-04,S0140
SEC-CHEM-04,S0140
SEC-BIO-04,S0140
SEC-HIS-01,S0141
SEC-POL-01,S0141
SEC-GEO-01,S0141
SEC-HIS-02,S0142
SEC-POL-02,S0142
SEC-GEO-02,S0142
SEC-HIS-03,S0143
SEC-POL-03,S0143
SEC-GEO-03,S0143
SEC-HIS-04,S0144
SEC-POL-04,S0144
SEC-GEO-04,S0144
SEC-HIS-01,S0145
SEC-POL-01,S0145
SEC-GEO-01,S0145
SEC-HIS-02,S0146
SEC-POL-02,S0146
SEC-GEO-02,S0146
SEC-HIS-03,S0147
SEC-POL-03,S0147
SEC-GEO-03,S0147
SEC-HIS-04,S0148
SEC-POL-04,S0148
SEC-GEO-04,S0148
SEC-HIS-01,S0149
SEC-POL-01,S0149
SEC-GEO-01,S0149
SEC-HIS-02,S0150
SEC-POL-02,S0150
SEC-GEO-02,S0150
SEC-HIS-03,S0151
SEC-POL-03,S0151
SEC-GEO-03,S0151
SEC-HIS-04,S0152
SEC-POL-04,S0152
SEC-GEO-04,S0152
SEC-HIS-01,S0153
SEC-POL-01,S0153
SEC-GEO-01,S0153
SEC-HIS-02,S0154
SEC-POL-02,S0154
SEC-GEO-02,S0154
SEC-HIS-03,S0155
SEC-POL-03,S0155
SEC-GEO-03,S0155
SEC-HIS-04,S0156
SEC-POL-04,S0156
SEC-GEO-04,S0156
SEC-HIS-01,S0157
SEC-POL-01,S0157
SEC-GEO-01,S0157
SEC-HIS-02,S0158
SEC-POL-02,S0158
SEC-GEO-02,S0158
SEC-HIS-03,S0159
SEC-POL-03,S0159
SEC-GEO-03,S0159
SEC-HIS-04,S0160
SEC-POL-04,S0160
SEC-GEO-04,S0160
SEC-PHY-01,S0161
SEC-CHEM-01,S0161
SEC-BIO-01,S0161
SEC-PHY-02,S0162
SEC-CHEM-02,S0162
SEC-BIO-02,S0162
SEC-PHY-03,S0163
SEC-CHEM-03,S0163
SEC-BIO-03,S0163
SEC-PHY-04,S0164
SEC-CHEM-04,S0164
SEC-BIO-04,S0164
SEC-PHY-01,S0165
SEC-CHEM-01,S0165
SEC-BIO-01,S0165
SEC-PHY-02,S0166
SEC-CHEM-02,S0166
SEC-BIO-02,S0166
SEC-PHY-03,S0167
SEC-CHEM-03,S0167
SEC-BIO-03,S0167
SEC-PHY-04,S0168
SEC-CHEM-04,S0168
SEC-BIO-04,S0168
SEC-PHY-01,S0169
SEC-CHEM-01,S0169
SEC-BIO-01,S0169
SEC-PHY-02,S0170
SEC-CHEM-02,S0170
SEC-BIO-02,S0170
SEC-PHY-03,S0171
SEC-CHEM-03,S0171
SEC-BIO-03,S0171
SEC-PHY-04,S0172
SEC-CHEM-04,S0172
SEC-BIO-04,S0172
SEC-PHY-01,S0173
SEC-CHEM-01,S0173
SEC-BIO-01,S0173
SEC-PHY-02,S0174
SEC-CHEM-02,S0174
SEC-BIO-02,S0174
SEC-PHY-03,S0175
SEC-CHEM-03,S0175
SEC-BIO-03,S0175
SEC-PHY-04,S0176
SEC-CHEM-04,S0176
SEC-BIO-04,S0176
SEC-PHY-01,S0177
SEC-CHEM-01,S0177
SEC-BIO-01,S0177
SEC-PHY-02,S0178
SEC-CHEM-02,S0178
SEC-BIO-02,S0178
SEC-PHY-03,S0179
SEC-CHEM-03,S0179
SEC-BIO-03,S0179
SEC-PHY-04,S0180
SEC-CHEM-04,S0180
SEC-BIO-04,S0180
SEC-HIS-01,S0181
SEC-POL-01,S0181
SEC-GEO-01,S0181
SEC-HIS-02,S0182
SEC-POL-02,S0182
SEC-GEO-02,S0182
SEC-HIS-03,S0183
SEC-POL-03,S0183
SEC-GEO-03,S0183
SEC-HIS-04,S0184
SEC-POL-04,S0184
SEC-GEO-04,S0184
SEC-HIS-01,S0185
SEC-POL-01,S0185
SEC-GEO-01,S0185
SEC-HIS-02,S0186
SEC-POL-02,S0186
SEC-GEO-02,S0186
SEC-HIS-03,S0187
SEC-POL-03,S0187
SEC-GEO-03,S0187
SEC-HIS-04,S0188
SEC-POL-04,S0188
SEC-GEO-04,S0188
SEC-HIS-01,S0189
SEC-POL-01,S0189
SEC-GEO-01,S0189
SEC-HIS-02,S0190
SEC-POL-02,S0190
SEC-GEO-02,S0190
SEC-HIS-03,S0191
SEC-POL-03,S0191
SEC-GEO-03,S0191
SEC-HIS-04,S0192
SEC-POL-04,S0192
SEC-GEO-04,S0192
SEC-HIS-01,S0193
SEC-POL-01,S0193
SEC-GEO-01,S0193
SEC-HIS-02,S0194
SEC-POL-02,S0194
SEC-GEO-02,S0194
SEC-HIS-03,S0195
SEC-POL-03,S0195
SEC-GEO-03,S0195
SEC-HIS-04,S0196
SEC-POL-04,S0196
SEC-GEO-04,S0196
SEC-HIS-01,S0197
SEC-POL-01,S0197
SEC-GEO-01,S0197
SEC-HIS-02,S0198
SEC-POL-02,S0198
SEC-GEO-02,S0198
SEC-HIS-03,S0199
SEC-POL-03,S0199
SEC-GEO-03,S0199
SEC-HIS-04,S0200
SEC-POL-04,S0200
SEC-GEO-04,S0200
SEC-PHY-01,S0201
SEC-CHEM-01,S0201
SEC-BIO-01,S0201
SEC-PHY-02,S0202
SEC-CHEM-02,S0202
SEC-BIO-02,S0202
SEC-PHY-03,S0203
SEC-CHEM-03,S0203
SEC-BIO-03,S0203
SEC-PHY-04,S0204
SEC-CHEM-04,S0204
SEC-BIO-04,S0204
SEC-PHY-01,S0205
SEC-CHEM-01,S0205
SEC-BIO-01,S0205
SEC-PHY-02,S0206
SEC-CHEM-02,S0206
SEC-BIO-02,S0206
SEC-PHY-03,S0207
SEC-CHEM-03,S0207
SEC-BIO-03,S0207
SEC-PHY-04,S0208
SEC-CHEM-04,S0208
SEC-BIO-04,S0208
SEC-PHY-01,S0209
SEC-CHEM-01,S0209
SEC-BIO-01,S0209
SEC-PHY-02,S0210
SEC-CHEM-02,S0210
SEC-BIO-02,S0210
SEC-PHY-03,S0211
SEC-CHEM-03,S0211
SEC-BIO-03,S0211
SEC-PHY-04,S0212
SEC-CHEM-04,S0212
SEC-BIO-04,S0212
SEC-PHY-01,S0213
SEC-CHEM-01,S0213
SEC-BIO-01,S0213
SEC-PHY-02,S0214
SEC-CHEM-02,S0214
SEC-BIO-02,S0214
SEC-PHY-03,S0215
SEC-CHEM-03,S0215
SEC-BIO-03,S0215
SEC-PHY-04,S0216
SEC-CHEM-04,S0216
SEC-BIO-04,S0216
SEC-PHY-01,S0217
SEC-CHEM-01,S0217
SEC-BIO-01,S0217
SEC-PHY-02,S0218
SEC-CHEM-02,S0218
SEC-BIO-02,S0218
SEC-PHY-03,S0219
SEC-CHEM-03,S0219
SEC-BIO-03,S0219
SEC-PHY-04,S0220
SEC-CHEM-04,S0220
SEC-BIO-04,S0220
SEC-HIS-01,S0221
SEC-POL-01,S0221
SEC-GEO-01,S0221
SEC-HIS-02,S0222
SEC-POL-02,S0222
SEC-GEO-02,S0222
SEC-HIS-03,S0223
SEC-POL-03,S0223
SEC-GEO-03,S0223
SEC-HIS-04,S0224
SEC-POL-04,S0224
SEC-GEO-04,S0224
SEC-HIS-01,S0225
SEC-POL-01,S0225
SEC-GEO-01,S0225
SEC-HIS-02,S0226
SEC-POL-02,S0226
SEC-GEO-02,S0226
SEC-HIS-03,S0227
SEC-POL-03,S0227
SEC-GEO-03,S0227
SEC-HIS-04,S0228
SEC-POL-04,S0228
SEC-GEO-04,S0228
SEC-HIS-01,S0229
SEC-POL-01,S0229
SEC-GEO-01,S0229
SEC-HIS-02,S0230
SEC-POL-02,S0230
SEC-GEO-02,S0230
SEC-HIS-03,S0231
SEC-POL-03,S0231
SEC-GEO-03,S0231
SEC-HIS-04,S0232
SEC-POL-04,S0232
SEC-GEO-04,S0232
SEC-HIS-01,S0233
SEC-POL-01,S0233
SEC-GEO-01,S0233
SEC-HIS-02,S0234
SEC-POL-02,S0234
SEC-GEO-02,S0234
SEC-HIS-03,S0235
SEC-POL-03,S0235
SEC-GEO-03,S0235
SEC-HIS-04,S0236
SEC-POL-04,S0236
SEC-GEO-04,S0236
SEC-HIS-01,S0237
SEC-POL-01,S0237
SEC-GEO-01,S0237
SEC-HIS-02,S0238
SEC-POL-02,S0238
SEC-GEO-02,S0238
SEC-HIS-03,S0239
SEC-POL-03,S0239
SEC-GEO-03,S0239
SEC-HIS-04,S0240
SEC-POL-04,S0240
SEC-GEO-04,S0240
SEC-PHY-01,S0241
SEC-CHEM-01,S0241
SEC-BIO-01,S0241
SEC-PHY-02,S0242
SEC-CHEM-02,S0242
SEC-BIO-02,S0242
SEC-PHY-03,S0243
SEC-CHEM-03,S0243
SEC-BIO-03,S0243
SEC-PHY-04,S0244
SEC-CHEM-04,S0244
SEC-BIO-04,S0244
SEC-PHY-01,S0245
SEC-CHEM-01,S0245
SEC-BIO-01,S0245
SEC-PHY-02,S0246
SEC-CHEM-02,S0246
SEC-BIO-02,S0246
SEC-PHY-03,S0247
SEC-CHEM-03,S0247
SEC-BIO-03,S0247
SEC-PHY-04,S0248
SEC-CHEM-04,S0248
SEC-BIO-04,S0248
SEC-PHY-01,S0249
SEC-CHEM-01,S0249
SEC-BIO-01,S0249
SEC-PHY-02,S0250
SEC-CHEM-02,S0250
SEC-BIO-02,S0250
SEC-PHY-03,S0251
SEC-CHEM-03,S0251
SEC-BIO-03,S0251
SEC-PHY-04,S0252
SEC-CHEM-04,S0252
SEC-BIO-04,S0252
SEC-PHY-01,S0253
SEC-CHEM-01,S0253
SEC-BIO-01,S0253
SEC-PHY-02,S0254
SEC-CHEM-02,S0254
SEC-BIO-02,S0254
SEC-PHY-03,S0255
SEC-CHEM-03,S0255
SEC-BIO-03,S0255
SEC-PHY-04,S0256
SEC-CHEM-04,S0256
SEC-BIO-04,S0256
SEC-PHY-01,S0257
SEC-CHEM-01,S0257
SEC-BIO-01,S0257
SEC-PHY-02,S0258
SEC-CHEM-02,S0258
SEC-BIO-02,S0258
SEC-PHY-03,S0259
SEC-CHEM-03,S0259
SEC-BIO-03,S0259
SEC-PHY-04,S0260
SEC-CHEM-04,S0260
SEC-BIO-04,S0260
SEC-HIS-01,S0261
SEC-POL-01,S0261
SEC-GEO-01,S0261
SEC-HIS-02,S0262
SEC-POL-02,S0262
SEC-GEO-02,S0262
SEC-HIS-03,S0263
SEC-POL-03,S0263
SEC-GEO-03,S0263
SEC-HIS-04,S0264
SEC-POL-04,S0264
SEC-GEO-04,S0264
SEC-HIS-01,S0265
SEC-POL-01,S0265
SEC-GEO-01,S0265
SEC-HIS-02,S0266
SEC-POL-02,S0266
SEC-GEO-02,S0266
SEC-HIS-03,S0267
SEC-POL-03,S0267
SEC-GEO-03,S0267
SEC-HIS-04,S0268
SEC-POL-04,S0268
SEC-GEO-04,S0268
SEC-HIS-01,S0269
SEC-POL-01,S0269
SEC-GEO-01,S0269
SEC-HIS-02,S0270
SEC-POL-02,S0270
SEC-GEO-02,S0270
SEC-HIS-03,S0271
SEC-POL-03,S0271
SEC-GEO-03,S0271
SEC-HIS-04,S0272
SEC-POL-04,S0272
SEC-GEO-04,S0272
SEC-HIS-01,S0273
SEC-POL-01,S0273
SEC-GEO-01,S0273
SEC-HIS-02,S0274
SEC-POL-02,S0274
SEC-GEO-02,S0274
SEC-HIS-03,S0275
SEC-POL-03,S0275
SEC-GEO-03,S0275
SEC-HIS-04,S0276
SEC-POL-04,S0276
SEC-GEO-04,S0276
SEC-HIS-01,S0277
SEC-POL-01,S0277
SEC-GEO-01,S0277
SEC-HIS-02,S0278
SEC-POL-02,S0278
SEC-GEO-02,S0278
SEC-HIS-03,S0279
SEC-POL-03,S0279
SEC-GEO-03,S0279
SEC-HIS-04,S0280
SEC-POL-04,S0280
SEC-GEO-04,S0280
SEC-PHY-01,S0281
SEC-CHEM-01,S0281
SEC-BIO-01,S0281
SEC-PHY-02,S0282
SEC-CHEM-02,S0282
SEC-BIO-02,S0282
SEC-PHY-03,S0283
SEC-CHEM-03,S0283
SEC-BIO-03,S0283
SEC-PHY-04,S0284
SEC-CHEM-04,S0284
SEC-BIO-04,S0284
SEC-PHY-01,S0285
SEC-CHEM-01,S0285
SEC-BIO-01,S0285
SEC-PHY-02,S0286
SEC-CHEM-02,S0286
SEC-BIO-02,S0286
SEC-PHY-03,S0287
SEC-CHEM-03,S0287
SEC-BIO-03,S0287
SEC-PHY-04,S0288
SEC-CHEM-04,S0288
SEC-BIO-04,S0288
SEC-PHY-01,S0289
SEC-CHEM-01,S0289
SEC-BIO-01,S0289
SEC-PHY-02,S0290
SEC-CHEM-02,S0290
SEC-BIO-02,S0290
SEC-PHY-03,S0291
SEC-CHEM-03,S0291
SEC-BIO-03,S0291
SEC-PHY-04,S0292
SEC-CHEM-04,S0292
SEC-BIO-04,S0292
SEC-PHY-01,S0293
SEC-CHEM-01,S0293
SEC-BIO-01,S0293
SEC-PHY-02,S0294
SEC-CHEM-02,S0294
SEC-BIO-02,S0294
SEC-PHY-03,S0295
SEC-CHEM-03,S0295
SEC-BIO-03,S0295
SEC-PHY-04,S0296
SEC-CHEM-04,S0296
SEC-BIO-04,S0296
SEC-PHY-01,S0297
SEC-CHEM-01,S0297
SEC-BIO-01,S0297
SEC-PHY-02,S0298
SEC-CHEM-02,S0298
SEC-BIO-02,S0298
SEC-PHY-03,S0299
SEC-CHEM-03,S0299
SEC-BIO-03,S0299
SEC-PHY-04,S0300
SEC-CHEM-04,S0300
SEC-BIO-04,S0300
SEC-HIS-01,S0301
SEC-POL-01,S0301
SEC-GEO-01,S0301
SEC-HIS-02,S0302
SEC-POL-02,S0302
SEC-GEO-02,S0302
SEC-HIS-03,S0303
SEC-POL-03,S0303
SEC-GEO-03,S0303
SEC-HIS-04,S0304
SEC-POL-04,S0304
SEC-GEO-04,S0304
SEC-HIS-01,S0305
SEC-POL-01,S0305
SEC-GEO-01,S0305
SEC-HIS-02,S0306
SEC-POL-02,S0306
SEC-GEO-02,S0306
SEC-HIS-03,S0307
SEC-POL-03,S0307
SEC-GEO-03,S0307
SEC-HIS-04,S0308
SEC-POL-04,S0308
SEC-GEO-04,S0308
SEC-HIS-01,S0309
SEC-POL-01,S0309
SEC-GEO-01,S0309
SEC-HIS-02,S0310
SEC-POL-02,S0310
SEC-GEO-02,S0310
SEC-HIS-03,S0311
SEC-POL-03,S0311
SEC-GEO-03,S0311
SEC-HIS-04,S0312
SEC-POL-04,S0312
SEC-GEO-04,S0312
SEC-HIS-01,S0313
SEC-POL-01,S0313
SEC-GEO-01,S0313
SEC-HIS-02,S0314
SEC-POL-02,S0314
SEC-GEO-02,S0314
SEC-HIS-03,S0315
SEC-POL-03,S0315
SEC-GEO-03,S0315
SEC-HIS-04,S0316
SEC-POL-04,S0316
SEC-GEO-04,S0316
SEC-HIS-01,S0317
SEC-POL-01,S0317
SEC-GEO-01,S0317
SEC-HIS-02,S0318
SEC-POL-02,S0318
SEC-GEO-02,S0318
SEC-HIS-03,S0319
SEC-POL-03,S0319
SEC-GEO-03,S0319
SEC-HIS-04,S0320
SEC-POL-04,S0320
SEC-GEO-04,S0320
SEC-PHY-01,S0321
SEC-CHEM-01,S0321
SEC-BIO-01,S0321
SEC-PHY-02,S0322
SEC-CHEM-02,S0322
SEC-BIO-02,S0322
SEC-PHY-03,S0323
SEC-CHEM-03,S0323
SEC-BIO-03,S0323
SEC-PHY-04,S0324
SEC-CHEM-04,S0324
SEC-BIO-04,S0324
SEC-PHY-01,S0325
SEC-CHEM-01,S0325
SEC-BIO-01,S0325
SEC-PHY-02,S0326
SEC-CHEM-02,S0326
SEC-BIO-02,S0326
SEC-PHY-03,S0327
SEC-CHEM-03,S0327
SEC-BIO-03,S0327
SEC-PHY-04,S0328
SEC-CHEM-04,S0328
SEC-BIO-04,S0328
SEC-PHY-01,S0329
SEC-CHEM-01,S0329
SEC-BIO-01,S0329
SEC-PHY-02,S0330
SEC-CHEM-02,S0330
SEC-BIO-02,S0330
SEC-PHY-03,S0331
SEC-CHEM-03,S0331
SEC-BIO-03,S0331
SEC-PHY-04,S0332
SEC-CHEM-04,S0332
SEC-BIO-04,S0332
SEC-PHY-01,S0333
SEC-CHEM-01,S0333
SEC-BIO-01,S0333
SEC-PHY-02,S0334
SEC-CHEM-02,S0334
SEC-BIO-02,S0334
SEC-PHY-03,S0335
SEC-CHEM-03,S0335
SEC-BIO-03,S0335
SEC-PHY-04,S0336
SEC-CHEM-04,S0336
SEC-BIO-04,S0336
SEC-PHY-01,S0337
SEC-CHEM-01,S0337
SEC-BIO-01,S0337
SEC-PHY-02,S0338
SEC-CHEM-02,S0338
SEC-BIO-02,S0338
SEC-PHY-03,S0339
SEC-CHEM-03,S0339
SEC-BIO-03,S0339
SEC-PHY-04,S0340
SEC-CHEM-04,S0340
SEC-BIO-04,S0340
SEC-HIS-01,S0341
SEC-POL-01,S0341
SEC-GEO-01,S0341
SEC-HIS-02,S0342
SEC-POL-02,S0342
SEC-GEO-02,S0342
SEC-HIS-03,S0343
SEC-POL-03,S0343
SEC-GEO-03,S0343
SEC-HIS-04,S0344
SEC-POL-04,S0344
SEC-GEO-04,S0344
SEC-HIS-01,S0345
SEC-POL-01,S0345
SEC-GEO-01,S0345
SEC-HIS-02,S0346
SEC-POL-02,S0346
SEC-GEO-02,S0346
SEC-HIS-03,S0347
SEC-POL-03,S0347
SEC-GEO-03,S0347
SEC-HIS-04,S0348
SEC-POL-04,S0348
SEC-GEO-04,S0348
SEC-HIS-01,S0349
SEC-POL-01,S0349
SEC-GEO-01,S0349
SEC-HIS-02,S0350
SEC-POL-02,S0350
SEC-GEO-02,S0350
SEC-HIS-03,S0351
SEC-POL-03,S0351
SEC-GEO-03,S0351
SEC-HIS-04,S0352
SEC-POL-04,S0352
SEC-GEO-04,S0352
SEC-HIS-01,S0353
SEC-POL-01,S0353
SEC-GEO-01,S0353
SEC-HIS-02,S0354
SEC-POL-02,S0354
SEC-GEO-02,S0354
SEC-HIS-03,S0355
SEC-POL-03,S0355
SEC-GEO-03,S0355
SEC-HIS-04,S0356
SEC-POL-04,S0356
SEC-GEO-04,S0356
SEC-HIS-01,S0357
SEC-POL-01,S0357
SEC-GEO-01,S0357
SEC-HIS-02,S0358
SEC-POL-02,S0358
SEC-GEO-02,S0358
SEC-HIS-03,S0359
SEC-POL-03,S0359
SEC-GEO-03,S0359
SEC-HIS-04,S0360
SEC-POL-04,S0360
SEC-GEO-04,S0360
SEC-PHY-01,S0361
SEC-CHEM-01,S0361
SEC-BIO-01,S0361
SEC-PHY-02,S0362
SEC-CHEM-02,S0362
SEC-BIO-02,S0362
SEC-PHY-03,S0363
SEC-CHEM-03,S0363
SEC-BIO-03,S0363
SEC-PHY-04,S0364
SEC-CHEM-04,S0364
SEC-BIO-04,S0364
SEC-PHY-01,S0365
SEC-CHEM-01,S0365
SEC-BIO-01,S0365
SEC-PHY-02,S0366
SEC-CHEM-02,S0366
SEC-BIO-02,S0366
SEC-PHY-03,S0367
SEC-CHEM-03,S0367
SEC-BIO-03,S0367
SEC-PHY-04,S0368
SEC-CHEM-04,S0368
SEC-BIO-04,S0368
SEC-PHY-01,S0369
SEC-CHEM-01,S0369
SEC-BIO-01,S0369
SEC-PHY-02,S0370
SEC-CHEM-02,S0370
SEC-BIO-02,S0370
SEC-PHY-03,S0371
SEC-CHEM-03,S0371
SEC-BIO-03,S0371
SEC-PHY-04,S0372
SEC-CHEM-04,S0372
SEC-BIO-04,S0372
SEC-PHY-01,S0373
SEC-CHEM-01,S0373
SEC-BIO-01,S0373
SEC-PHY-02,S0374
SEC-CHEM-02,S0374
SEC-BIO-02,S0374
SEC-PHY-03,S0375
SEC-CHEM-03,S0375
SEC-BIO-03,S0375
SEC-PHY-04,S0376
SEC-CHEM-04,S0376
SEC-BIO-04,S0376
SEC-PHY-01,S0377
SEC-CHEM-01,S0377
SEC-BIO-01,S0377
SEC-PHY-02,S0378
SEC-CHEM-02,S0378
SEC-BIO-02,S0378
SEC-PHY-03,S0379
SEC-CHEM-03,S0379
SEC-BIO-03,S0379
SEC-PHY-04,S0380
SEC-CHEM-04,S0380
SEC-BIO-04,S0380
SEC-HIS-01,S0381
SEC-POL-01,S0381
SEC-GEO-01,S0381
SEC-HIS-02,S0382
SEC-POL-02,S0382
SEC-GEO-02,S0382
SEC-HIS-03,S0383
SEC-POL-03,S0383
SEC-GEO-03,S0383
SEC-HIS-04,S0384
SEC-POL-04,S0384
SEC-GEO-04,S0384
SEC-HIS-01,S0385
SEC-POL-01,S0385
SEC-GEO-01,S0385
SEC-HIS-02,S0386
SEC-POL-02,S0386
SEC-GEO-02,S0386
SEC-HIS-03,S0387
SEC-POL-03,S0387
SEC-GEO-03,S0387
SEC-HIS-04,S0388
SEC-POL-04,S0388
SEC-GEO-04,S0388
SEC-HIS-01,S0389
SEC-POL-01,S0389
SEC-GEO-01,S0389
SEC-HIS-02,S0390
SEC-POL-02,S0390
SEC-GEO-02,S0390
SEC-HIS-03,S0391
SEC-POL-03,S0391
SEC-GEO-03,S0391
SEC-HIS-04,S0392
SEC-POL-04,S0392
SEC-GEO-04,S0392
SEC-HIS-01,S0393
SEC-POL-01,S0393
SEC-GEO-01,S0393
SEC-HIS-02,S0394
SEC-POL-02,S0394
SEC-GEO-02,S0394
SEC-HIS-03,S0395
SEC-POL-03,S0395
SEC-GEO-03,S0395
SEC-HIS-04,S0396
SEC-POL-04,S0396
SEC-GEO-04,S0396
SEC-HIS-01,S0397
SEC-POL-01,S0397
SEC-GEO-01,S0397
SEC-HIS-02,S0398
SEC-POL-02,S0398
SEC-GEO-02,S0398
SEC-HIS-03,S0399
SEC-POL-03,S0399
SEC-GEO-03,S0399
SEC-HIS-04,S0400
SEC-POL-04,S0400
SEC-GEO-04,S0400
SEC-PHY-01,S0401
SEC-CHEM-01,S0401
SEC-BIO-01,S0401
SEC-PHY-02,S0402
SEC-CHEM-02,S0402
SEC-BIO-02,S0402
SEC-PHY-03,S0403
SEC-CHEM-03,S0403
SEC-BIO-03,S0403
SEC-PHY-04,S0404
SEC-CHEM-04,S0404
SEC-BIO-04,S0404
SEC-PHY-01,S0405
SEC-CHEM-01,S0405
SEC-BIO-01,S0405
SEC-PHY-02,S0406
SEC-CHEM-02,S0406
SEC-BIO-02,S0406
SEC-PHY-03,S0407
SEC-CHEM-03,S0407
SEC-BIO-03,S0407
SEC-PHY-04,S0408
SEC-CHEM-04,S0408
SEC-BIO-04,S0408
SEC-PHY-01,S0409
SEC-CHEM-01,S0409
SEC-BIO-01,S0409
SEC-PHY-02,S0410
SEC-CHEM-02,S0410
SEC-BIO-02,S0410
SEC-PHY-03,S0411
SEC-CHEM-03,S0411
SEC-BIO-03,S0411
SEC-PHY-04,S0412
SEC-CHEM-04,S0412
SEC-BIO-04,S0412
SEC-PHY-01,S0413
SEC-CHEM-01,S0413
SEC-BIO-01,S0413
SEC-PHY-02,S0414
SEC-CHEM-02,S0414
SEC-BIO-02,S0414
SEC-PHY-03,S0415
SEC-CHEM-03,S0415
SEC-BIO-03,S0415
SEC-PHY-04,S0416
SEC-CHEM-04,S0416
SEC-BIO-04,S0416
SEC-PHY-01,S0417
SEC-CHEM-01,S0417
SEC-BIO-01,S0417
SEC-PHY-02,S0418
SEC-CHEM-02,S0418
SEC-BIO-02,S0418
SEC-PHY-03,S0419
SEC-CHEM-03,S0419
SEC-BIO-03,S0419
SEC-PHY-04,S0420
SEC-CHEM-04,S0420
SEC-BIO-04,S0420
SEC-HIS-01,S0421
SEC-POL-01,S0421
SEC-GEO-01,S0421
SEC-HIS-02,S0422
SEC-POL-02,S0422
SEC-GEO-02,S0422
SEC-HIS-03,S0423
SEC-POL-03,S0423
SEC-GEO-03,S0423
SEC-HIS-04,S0424
SEC-POL-04,S0424
SEC-GEO-04,S0424
SEC-HIS-01,S0425
SEC-POL-01,S0425
SEC-GEO-01,S0425
SEC-HIS-02,S0426
SEC-POL-02,S0426
SEC-GEO-02,S0426
SEC-HIS-03,S0427
SEC-POL-03,S0427
SEC-GEO-03,S0427
SEC-HIS-04,S0428
SEC-POL-04,S0428
SEC-GEO-04,S0428
SEC-HIS-01,S0429
SEC-POL-01,S0429
SEC-GEO-01,S0429
SEC-HIS-02,S0430
SEC-POL-02,S0430
SEC-GEO-02,S0430
SEC-HIS-03,S0431
SEC-POL-03,S0431
SEC-GEO-03,S0431
SEC-HIS-04,S0432
SEC-POL-04,S0432
SEC-GEO-04,S0432
SEC-HIS-01,S0433
SEC-POL-01,S0433
SEC-GEO-01,S0433
SEC-HIS-02,S0434
SEC-POL-02,S0434
SEC-GEO-02,S0434
SEC-HIS-03,S0435
SEC-POL-03,S0435
SEC-GEO-03,S0435
SEC-HIS-04,S0436
SEC-POL-04,S0436
SEC-GEO-04,S0436
SEC-HIS-01,S0437
SEC-POL-01,S0437
SEC-GEO-01,S0437
SEC-HIS-02,S0438
SEC-POL-02,S0438
SEC-GEO-02,S0438
SEC-HIS-03,S0439
SEC-POL-03,S0439
SEC-GEO-03,S0439
SEC-HIS-04,S0440
SEC-POL-04,S0440
SEC-GEO-04,S0440
SEC-PHY-01,S0441
SEC-CHEM-01,S0441
SEC-BIO-01,S0441
SEC-PHY-02,S0442
SEC-CHEM-02,S0442
SEC-BIO-02,S0442
SEC-PHY-03,S0443
SEC-CHEM-03,S0443
SEC-BIO-03,S0443
SEC-PHY-04,S0444
SEC-CHEM-04,S0444
SEC-BIO-04,S0444
SEC-PHY-01,S0445
SEC-CHEM-01,S0445
SEC-BIO-01,S0445
SEC-PHY-02,S0446
SEC-CHEM-02,S0446
SEC-BIO-02,S0446
SEC-PHY-03,S0447
SEC-CHEM-03,S0447
SEC-BIO-03,S0447
SEC-PHY-04,S0448
SEC-CHEM-04,S0448
SEC-BIO-04,S0448
SEC-PHY-01,S0449
SEC-CHEM-01,S0449
SEC-BIO-01,S0449
SEC-PHY-02,S0450
SEC-CHEM-02,S0450
SEC-BIO-02,S0450
SEC-PHY-03,S0451
SEC-CHEM-03,S0451
SEC-BIO-03,S0451
SEC-PHY-04,S0452
SEC-CHEM-04,S0452
SEC-BIO-04,S0452
SEC-PHY-01,S0453
SEC-CHEM-01,S0453
SEC-BIO-01,S0453
SEC-PHY-02,S0454
SEC-CHEM-02,S0454
SEC-BIO-02,S0454
SEC-PHY-03,S0455
SEC-CHEM-03,S0455
SEC-BIO-03,S0455
SEC-PHY-04,S0456
SEC-CHEM-04,S0456
SEC-BIO-04,S0456
SEC-PHY-01,S0457
SEC-CHEM-01,S0457
SEC-BIO-01,S0457
SEC-PHY-02,S0458
SEC-CHEM-02,S0458
SEC-BIO-02,S0458
SEC-PHY-03,S0459
SEC-CHEM-03,S0459
SEC-BIO-03,S0459
SEC-PHY-04,S0460
SEC-CHEM-04,S0460
SEC-BIO-04,S0460
SEC-HIS-01,S0461
SEC-POL-01,S0461
SEC-GEO-01,S0461
SEC-HIS-02,S0462
SEC-POL-02,S0462
SEC-GEO-02,S0462
SEC-HIS-03,S0463
SEC-POL-03,S0463
SEC-GEO-03,S0463
SEC-HIS-04,S0464
SEC-POL-04,S0464
SEC-GEO-04,S0464
SEC-HIS-01,S0465
SEC-POL-01,S0465
SEC-GEO-01,S0465
SEC-HIS-02,S0466
SEC-POL-02,S0466
SEC-GEO-02,S0466
SEC-HIS-03,S0467
SEC-POL-03,S0467
SEC-GEO-03,S0467
SEC-HIS-04,S0468
SEC-POL-04,S0468
SEC-GEO-04,S0468
SEC-HIS-01,S0469
SEC-POL-01,S0469
SEC-GEO-01,S0469
SEC-HIS-02,S0470
SEC-POL-02,S0470
SEC-GEO-02,S0470
SEC-HIS-03,S0471
SEC-POL-03,S0471
SEC-GEO-03,S0471
SEC-HIS-04,S0472
SEC-POL-04,S0472
SEC-GEO-04,S0472
SEC-HIS-01,S0473
SEC-POL-01,S0473
SEC-GEO-01,S0473
SEC-HIS-02,S0474
SEC-POL-02,S0474
SEC-GEO-02,S0474
SEC-HIS-03,S0475
SEC-POL-03,S0475
SEC-GEO-03,S0475
SEC-HIS-04,S0476
SEC-POL-04,S0476
SEC-GEO-04,S0476
SEC-HIS-01,S0477
SEC-POL-01,S0477
SEC-GEO-01,S0477
SEC-HIS-02,S0478
SEC-POL-02,S0478
SEC-GEO-02,S0478
SEC-HIS-03,S0479
SEC-POL-03,S0479
SEC-GEO-03,S0479
SEC-HIS-04,S0480
SEC-POL-04,S0480
SEC-GEO-04,S0480
